sample_id,sr_method,sr_filename,sr_path,gt_path,lr_path,set_type,vgg_pca_000,vgg_pca_001,vgg_pca_002,vgg_pca_003,vgg_pca_004,vgg_pca_005,vgg_pca_006,vgg_pca_007,vgg_pca_008,vgg_pca_009,vgg_pca_010,vgg_pca_011,vgg_pca_012,vgg_pca_013,vgg_pca_014,vgg_pca_015,vgg_pca_016,vgg_pca_017,vgg_pca_018,vgg_pca_019,vgg_pca_020,vgg_pca_021,vgg_pca_022,vgg_pca_023,vgg_pca_024
PASD:1024x768___4962875195,PASD,1024x768___4962875195.png,/home/29o_rya@lab.graphicon.ru/QualiSR-Lab/dataset/sr/PASD/1024x768___4962875195.png,/home/29o_rya@lab.graphicon.ru/QualiSR-Lab/dataset/hr/1024x768___4962875195.png,/home/29o_rya@lab.graphicon.ru/QualiSR-Lab/dataset/lr/1024x768___4962875195.png,train,-7.3816643,-9.20852,-7.3644357,-13.14092,-0.8371091,-3.4976454,-19.80998,-17.722431,-10.898783,-19.39642,-19.903042,-11.578336,-8.149983,-37.890705,18.623514,37.966072,-21.138012,-79.105995,-60.734207,60.880253,1.1449542,6.82026,-1.4039389,12.956038,-6.0696707
PASD:ava_images___101816,PASD,ava_images___101816.png,/home/29o_rya@lab.graphicon.ru/QualiSR-Lab/dataset/sr/PASD/ava_images___101816.png,/home/29o_rya@lab.graphicon.ru/QualiSR-Lab/dataset/hr/ava_images___101816.png,/home/29o_rya@lab.graphicon.ru/QualiSR-Lab/dataset/lr/ava_images___101816.png,train,2.861929,30.581104,-8.964487,-14.658104,33.20649,-9.661657,8.11495,-12.527792,-26.274597,-13.929485,6.4983883,-7.783781,-13.759153,38.571877,20.575277,7.925587,-36.82349,-36.623898,132.6955,54.033035,-23.60558,34.434708,13.443787,11.559346,5.856936
PASD:ava_images___158174,PASD,ava_images___158174.png,/home/29o_rya@lab.graphicon.ru/QualiSR-Lab/dataset/sr/PASD/ava_images___158174.png,/home/29o_rya@lab.graphicon.ru/QualiSR-Lab/dataset/hr/ava_images___158174.png,/home/29o_rya@lab.graphicon.ru/QualiSR-Lab/dataset/lr/ava_images___158174.png,train,-18.736752,-15.305605,-2.6177034,-12.90662,-70.48456,191.32594,6.4101224,2.2940435,-25.10448,-24.01052,-2.4915252,2.6361208,21.674206,14.908625,3.5754516,-14.248058,-7.231373,1.3355993,3.4044957,5.33456,2.5078914,-3.3614695,-5.98557,-2.521968,3.5123172
PASD:ava_images___18037,PASD,ava_images___18037.png,/home/29o_rya@lab.graphicon.ru/QualiSR-Lab/dataset/sr/PASD/ava_images___18037.png,/home/29o_rya@lab.graphicon.ru/QualiSR-Lab/dataset/hr/ava_images___18037.png,/home/29o_rya@lab.graphicon.ru/QualiSR-Lab/dataset/lr/ava_images___18037.png,train,-14.182974,-12.577772,-10.755374,-9.86645,1.3074956,-14.685114,-6.968535,-12.291353,-6.4771366,-11.092901,-3.1016204,-12.473085,-5.499052,0.14128658,-7.8277454,-2.3152661,-9.7179785,1.2613982,5.5605893,-9.434761,7.6326365,-9.751656,-5.320251,-11.021318,-3.397355
PASD:ava_images___217590,PASD,ava_images___217590.png,/home/29o_rya@lab.graphicon.ru/QualiSR-Lab/dataset/sr/PASD/ava_images___217590.png,/home/29o_rya@lab.graphicon.ru/QualiSR-Lab/dataset/hr/ava_images___217590.png,/home/29o_rya@lab.graphicon.ru/QualiSR-Lab/dataset/lr/ava_images___217590.png,test,-11.754056,-11.92598,-10.6304035,-9.373965,1.0455245,-13.887875,-4.718609,-11.1628895,-4.726538,-11.389648,-2.7502935,-10.041831,-5.590891,-1.4798114,-7.038865,-2.3311415,-8.687068,0.39495432,3.7425766,-9.681961,6.0476227,-9.449566,-2.5282626,-11.439784,-0.29356086
PASD:ava_images___251530,PASD,ava_images___251530.png,/home/29o_rya@lab.graphicon.ru/QualiSR-Lab/dataset/sr/PASD/ava_images___251530.png,/home/29o_rya@lab.graphicon.ru/QualiSR-Lab/dataset/hr/ava_images___251530.png,/home/29o_rya@lab.graphicon.ru/QualiSR-Lab/dataset/lr/ava_images___251530.png,train,-11.733833,-10.406605,-10.003293,-10.223551,0.23458675,-14.642545,-8.948766,-11.900168,-7.1732183,-12.332755,-3.888424,-12.661176,-6.7411895,-1.0402062,-2.2365086,-1.820091,-7.8919344,0.044879675,7.752136,-12.191145,10.107967,-10.712861,-5.846266,-6.606364,-3.6712675
PASD:ava_images___253900,PASD,ava_images___253900.png,/home/29o_rya@lab.graphicon.ru/QualiSR-Lab/dataset/sr/PASD/ava_images___253900.png,/home/29o_rya@lab.graphicon.ru/QualiSR-Lab/dataset/hr/ava_images___253900.png,/home/29o_rya@lab.graphicon.ru/QualiSR-Lab/dataset/lr/ava_images___253900.png,train,2.5265808,-15.276693,-3.2475314,-5.3084145,-1.236049,-14.502726,-12.600833,-7.4588346,-9.478934,-18.022602,-2.9148345,-8.457108,-10.373168,-9.574165,-1.2039661,-0.5038029,-10.491636,1.1653513,8.798378,-24.376934,25.861229,-21.596691,-13.055202,9.015523,47.236103
PASD:ava_images___273810,PASD,ava_images___273810.png,/home/29o_rya@lab.graphicon.ru/QualiSR-Lab/dataset/sr/PASD/ava_images___273810.png,/home/29o_rya@lab.graphicon.ru/QualiSR-Lab/dataset/hr/ava_images___273810.png,/home/29o_rya@lab.graphicon.ru/QualiSR-Lab/dataset/lr/ava_images___273810.png,train,-28.772707,-0.2883606,15.280933,-16.8083,-20.601505,13.580701,30.794651,-1.303894,5.984211,136.30992,-75.24795,26.494167,-78.7152,-7.7913237,3.837972,-0.9683932,-15.779008,5.0206685,0.57986474,-2.2751913,2.8294883,0.0045819283,-4.03375,1.9966879,3.5719032
PASD:ava_images___295451,PASD,ava_images___295451.png,/home/29o_rya@lab.graphicon.ru/QualiSR-Lab/dataset/sr/PASD/ava_images___295451.png,/home/29o_rya@lab.graphicon.ru/QualiSR-Lab/dataset/hr/ava_images___295451.png,/home/29o_rya@lab.graphicon.ru/QualiSR-Lab/dataset/lr/ava_images___295451.png,train,-17.812654,-10.494265,-3.4296298,-8.28421,-1.3464671,-6.812884,-1.6066465,-11.175801,-6.407675,2.5423822,-3.862389,-12.439306,6.9709153,-0.98131704,3.8703268,2.5515263,-9.796772,-7.738232,2.7707968,-18.56196,-10.041407,-25.770912,1.061883,-78.48369,-55.342686
PASD:ava_images___308473,PASD,ava_images___308473.png,/home/29o_rya@lab.graphicon.ru/QualiSR-Lab/dataset/sr/PASD/ava_images___308473.png,/home/29o_rya@lab.graphicon.ru/QualiSR-Lab/dataset/hr/ava_images___308473.png,/home/29o_rya@lab.graphicon.ru/QualiSR-Lab/dataset/lr/ava_images___308473.png,train,-3.9292364,-13.030221,-10.581337,-10.484255,-3.0180714,-13.3378315,-15.870245,-3.937204,-9.92527,-19.284441,-7.3234663,-13.426668,-5.67341,-14.359194,2.8507116,-2.356086,-1.059288,-8.26991,-2.9799418,-16.85177,12.520026,-18.86893,27.107185,-21.870113,77.57241
PASD:ava_images___321917,PASD,ava_images___321917.png,/home/29o_rya@lab.graphicon.ru/QualiSR-Lab/dataset/sr/PASD/ava_images___321917.png,/home/29o_rya@lab.graphicon.ru/QualiSR-Lab/dataset/hr/ava_images___321917.png,/home/29o_rya@lab.graphicon.ru/QualiSR-Lab/dataset/lr/ava_images___321917.png,train,0.6694813,-15.644468,-11.745605,-8.230397,1.5313588,-16.164064,-7.711794,-16.370754,-11.958534,-25.12178,-4.997858,-10.222673,-10.226316,-2.2987075,-15.70507,-8.919418,-19.720993,13.959112,10.800379,-22.535168,77.47144,1.7023954,-51.278645,58.786083,-34.623745
PASD:ava_images___360165,PASD,ava_images___360165.png,/home/29o_rya@lab.graphicon.ru/QualiSR-Lab/dataset/sr/PASD/ava_images___360165.png,/home/29o_rya@lab.graphicon.ru/QualiSR-Lab/dataset/hr/ava_images___360165.png,/home/29o_rya@lab.graphicon.ru/QualiSR-Lab/dataset/lr/ava_images___360165.png,train,21.989477,-72.569534,260.5449,56.840355,23.439383,3.9460135,-10.156255,5.4279575,5.3466425,-12.090023,9.928992,-0.53359985,-0.7003007,-0.6980611,4.098359,-5.1852427,-0.09124422,0.885713,4.868373,4.6197877,1.0120623,2.979621,-1.3957777,1.458436,-2.7588804
PASD:ava_images___426629,PASD,ava_images___426629.png,/home/29o_rya@lab.graphicon.ru/QualiSR-Lab/dataset/sr/PASD/ava_images___426629.png,/home/29o_rya@lab.graphicon.ru/QualiSR-Lab/dataset/hr/ava_images___426629.png,/home/29o_rya@lab.graphicon.ru/QualiSR-Lab/dataset/lr/ava_images___426629.png,test,-14.147083,-8.107306,-8.115622,-9.87354,1.1800004,-12.052054,-4.123225,-10.274706,-3.5193033,-9.770617,-2.307292,-6.5070815,-5.8432293,-3.366555,-5.368203,0.24302396,-6.643857,2.553008,4.861726,-10.773748,6.9839816,-8.255386,-6.5118375,-7.617,-2.4332695
PASD:ava_images___436880,PASD,ava_images___436880.png,/home/29o_rya@lab.graphicon.ru/QualiSR-Lab/dataset/sr/PASD/ava_images___436880.png,/home/29o_rya@lab.graphicon.ru/QualiSR-Lab/dataset/hr/ava_images___436880.png,/home/29o_rya@lab.graphicon.ru/QualiSR-Lab/dataset/lr/ava_images___436880.png,train,-6.0630264,1.8603001,-10.527848,-18.008831,0.46216705,-7.3281484,-26.24285,-3.6483593,9.136771,-8.460738,-10.937409,-5.478314,10.730387,-94.49144,103.46307,-41.209785,33.20114,55.71835,14.700478,22.324177,-7.7016172,17.888092,-13.816935,-4.4498825,-6.6556864
PASD:ava_images___46021,PASD,ava_images___46021.png,/home/29o_rya@lab.graphicon.ru/QualiSR-Lab/dataset/sr/PASD/ava_images___46021.png,/home/29o_rya@lab.graphicon.ru/QualiSR-Lab/dataset/hr/ava_images___46021.png,/home/29o_rya@lab.graphicon.ru/QualiSR-Lab/dataset/lr/ava_images___46021.png,train,-12.841409,-12.79695,-6.5838113,2.0756445,-3.711844,-12.504895,-4.6958194,-14.105816,-9.710159,-6.5906305,2.698839,-5.3639417,-4.4778447,-1.0607262,-11.994098,-4.232117,-11.598701,0.028947711,-5.812145,0.96698856,11.324227,-4.8092847,2.5619533,-27.349945,-11.632701
PASD:ava_images___472713,PASD,ava_images___472713.png,/home/29o_rya@lab.graphicon.ru/QualiSR-Lab/dataset/sr/PASD/ava_images___472713.png,/home/29o_rya@lab.graphicon.ru/QualiSR-Lab/dataset/hr/ava_images___472713.png,/home/29o_rya@lab.graphicon.ru/QualiSR-Lab/dataset/lr/ava_images___472713.png,test,-5.4097967,-2.3920546,3.3719683,8.921986,0.6054832,-1.0586967,7.0286336,-2.8905091,14.329268,10.570717,0.7323201,6.606125,5.575867,-4.835483,2.6443627,6.3484464,-0.98693085,-3.0636244,3.001062,4.081095,-9.148372,0.276371,1.8828384,-5.76834,-7.732979
PASD:ava_images___501777,PASD,ava_images___501777.png,/home/29o_rya@lab.graphicon.ru/QualiSR-Lab/dataset/sr/PASD/ava_images___501777.png,/home/29o_rya@lab.graphicon.ru/QualiSR-Lab/dataset/hr/ava_images___501777.png,/home/29o_rya@lab.graphicon.ru/QualiSR-Lab/dataset/lr/ava_images___501777.png,test,-11.883733,-10.873581,-4.9110937,-11.762524,-1.1216601,-5.1644835,-3.7595506,2.4700785,1.4898715,-3.0463815,-5.648765,-2.9755068,-1.026068,0.8467888,2.7273343,0.5333207,-8.9671545,-0.48725998,3.2350004,-5.769932,-0.40134788,-6.1964426,5.0218425,-13.802206,-5.445639
PASD:ava_images___564572,PASD,ava_images___564572.png,/home/29o_rya@lab.graphicon.ru/QualiSR-Lab/dataset/sr/PASD/ava_images___564572.png,/home/29o_rya@lab.graphicon.ru/QualiSR-Lab/dataset/hr/ava_images___564572.png,/home/29o_rya@lab.graphicon.ru/QualiSR-Lab/dataset/lr/ava_images___564572.png,train,-18.618668,-15.467315,-11.226057,4.884904,-3.1740878,-16.810883,4.4812617,-19.231552,-10.038587,-12.717963,21.890175,-0.1583023,-6.0383806,1.3600975,-52.424076,15.945688,-46.831566,91.995605,-25.805342,63.216473,-32.77932,-5.3578224,1.3057816,6.9110575,5.4464307
PASD:ava_images___588008,PASD,ava_images___588008.png,/home/29o_rya@lab.graphicon.ru/QualiSR-Lab/dataset/sr/PASD/ava_images___588008.png,/home/29o_rya@lab.graphicon.ru/QualiSR-Lab/dataset/hr/ava_images___588008.png,/home/29o_rya@lab.graphicon.ru/QualiSR-Lab/dataset/lr/ava_images___588008.png,train,-15.247269,-12.654263,-10.608094,-8.619923,0.5061494,-16.040792,-6.7637396,-12.500879,-6.391929,-11.114641,-3.4719887,-12.042403,-5.8569617,-0.11143567,-9.501189,-2.2357104,-8.408859,-1.0518067,1.6608851,-8.646006,8.66577,-10.813667,-3.669749,-12.418142,0.6742126
PASD:ava_images___645845,PASD,ava_images___645845.png,/home/29o_rya@lab.graphicon.ru/QualiSR-Lab/dataset/sr/PASD/ava_images___645845.png,/home/29o_rya@lab.graphicon.ru/QualiSR-Lab/dataset/hr/ava_images___645845.png,/home/29o_rya@lab.graphicon.ru/QualiSR-Lab/dataset/lr/ava_images___645845.png,test,6.7890987,-1.4391947,-4.6622763,-9.45027,-10.752278,-6.5569177,3.3231177,0.19921494,-6.4528565,-7.2593203,6.43847,0.16640854,0.75562334,8.068793,5.7707033,0.26667532,-6.2684135,4.9486146,0.94791865,-7.706946,7.572402,-2.2033114,-2.5349092,-0.8026171,0.74392533
PASD:ava_images___699615,PASD,ava_images___699615.png,/home/29o_rya@lab.graphicon.ru/QualiSR-Lab/dataset/sr/PASD/ava_images___699615.png,/home/29o_rya@lab.graphicon.ru/QualiSR-Lab/dataset/hr/ava_images___699615.png,/home/29o_rya@lab.graphicon.ru/QualiSR-Lab/dataset/lr/ava_images___699615.png,train,-11.634243,-0.36432076,-64.375305,221.07875,22.724144,14.966628,-0.53651285,20.955814,-0.24549723,-5.5047703,-9.967064,3.0602407,-21.985306,0.086271256,12.06092,2.5774465,7.713891,-5.1038237,1.2878702,-3.6774206,-5.8245344,-0.026281834,-2.147087,2.6314363,-1.5393164
PASD:ava_images___710191,PASD,ava_images___710191.png,/home/29o_rya@lab.graphicon.ru/QualiSR-Lab/dataset/sr/PASD/ava_images___710191.png,/home/29o_rya@lab.graphicon.ru/QualiSR-Lab/dataset/hr/ava_images___710191.png,/home/29o_rya@lab.graphicon.ru/QualiSR-Lab/dataset/lr/ava_images___710191.png,train,-14.67177,-8.185747,4.489669,-12.845942,-10.244348,10.412686,5.095382,-12.54678,-6.7603116,-0.9454231,-10.321003,-6.6674504,-6.4842653,-4.360966,-25.07866,113.14486,104.56354,20.454023,19.83745,-3.7462332,2.9950879,17.359451,-1.6440942,0.56093884,-1.6210926
PASD:ava_images___737450,PASD,ava_images___737450.png,/home/29o_rya@lab.graphicon.ru/QualiSR-Lab/dataset/sr/PASD/ava_images___737450.png,/home/29o_rya@lab.graphicon.ru/QualiSR-Lab/dataset/hr/ava_images___737450.png,/home/29o_rya@lab.graphicon.ru/QualiSR-Lab/dataset/lr/ava_images___737450.png,train,-22.34495,-4.298736,-9.691716,26.769041,-0.30021742,-15.511192,11.344435,-39.796413,-5.1522655,98.40869,24.363447,-40.188385,129.71458,-8.833542,-9.633733,-4.111578,1.4336658,-11.316854,4.3625174,3.8394637,7.2406273,2.085145,2.4686978,13.321099,7.159992
PASD:ava_images___74410,PASD,ava_images___74410.png,/home/29o_rya@lab.graphicon.ru/QualiSR-Lab/dataset/sr/PASD/ava_images___74410.png,/home/29o_rya@lab.graphicon.ru/QualiSR-Lab/dataset/hr/ava_images___74410.png,/home/29o_rya@lab.graphicon.ru/QualiSR-Lab/dataset/lr/ava_images___74410.png,train,-11.9514885,-12.112138,-4.556919,-10.691004,-0.019108415,-13.424678,-0.9858303,-10.369316,-8.347002,-8.984983,-6.926709,-13.456682,-4.957065,6.8511267,-1.1604416,1.0694087,-8.996252,-4.011032,11.7665205,-11.078043,-2.5108967,-14.770664,-4.967992,-21.814316,-13.544428
PASD:ava_images___751927,PASD,ava_images___751927.png,/home/29o_rya@lab.graphicon.ru/QualiSR-Lab/dataset/sr/PASD/ava_images___751927.png,/home/29o_rya@lab.graphicon.ru/QualiSR-Lab/dataset/hr/ava_images___751927.png,/home/29o_rya@lab.graphicon.ru/QualiSR-Lab/dataset/lr/ava_images___751927.png,train,-11.630587,-6.180203,-5.6555214,-13.730779,1.1648438,-26.675812,41.11984,7.1195726,-14.914086,-2.2233353,7.887742,-8.239716,4.623236,110.831116,84.83831,9.766836,7.3215265,18.957191,-38.72133,4.339295,10.332783,0.30827332,1.4608377,4.2166452,3.5431747
PASD:ava_images___773899,PASD,ava_images___773899.png,/home/29o_rya@lab.graphicon.ru/QualiSR-Lab/dataset/sr/PASD/ava_images___773899.png,/home/29o_rya@lab.graphicon.ru/QualiSR-Lab/dataset/hr/ava_images___773899.png,/home/29o_rya@lab.graphicon.ru/QualiSR-Lab/dataset/lr/ava_images___773899.png,train,-0.9527912,-8.806926,-7.060092,-12.962627,-10.473689,-0.1496048,-7.04481,-3.9916258,-5.281011,-15.283953,-17.879612,-11.790123,-5.3944077,-12.568261,4.2213306,-3.7068644,-2.6785715,3.9336934,-4.360689,-39.06452,-19.990627,-21.276554,100.66125,57.311207,-34.92239
PASD:ava_images___827653,PASD,ava_images___827653.png,/home/29o_rya@lab.graphicon.ru/QualiSR-Lab/dataset/sr/PASD/ava_images___827653.png,/home/29o_rya@lab.graphicon.ru/QualiSR-Lab/dataset/hr/ava_images___827653.png,/home/29o_rya@lab.graphicon.ru/QualiSR-Lab/dataset/lr/ava_images___827653.png,test,-2.6747904,-12.047974,1.235753,-6.048747,-7.9744706,-0.046562195,0.7439923,4.2551565,-3.0420227,1.6889181,13.019381,7.964863,4.984673,-4.6747513,-5.77341,1.074727,-10.797498,20.711567,-8.010176,4.7680326,-4.0119085,3.190629,-0.44900453,-0.57922363,7.201087
PASD:ava_images___842206,PASD,ava_images___842206.png,/home/29o_rya@lab.graphicon.ru/QualiSR-Lab/dataset/sr/PASD/ava_images___842206.png,/home/29o_rya@lab.graphicon.ru/QualiSR-Lab/dataset/hr/ava_images___842206.png,/home/29o_rya@lab.graphicon.ru/QualiSR-Lab/dataset/lr/ava_images___842206.png,test,-15.457993,0.9920492,-3.7264385,-7.297239,-3.722786,-4.2582893,8.599096,-0.32390308,9.573724,0.69967747,0.74962735,-2.3208218,-2.839898,-2.094593,-9.262058,-1.5470148,12.831753,-2.074275,0.068703175,0.0012307167,-0.21951342,3.5220528,0.9338114,-9.167481,1.4131237
PASD:ava_images___846773,PASD,ava_images___846773.png,/home/29o_rya@lab.graphicon.ru/QualiSR-Lab/dataset/sr/PASD/ava_images___846773.png,/home/29o_rya@lab.graphicon.ru/QualiSR-Lab/dataset/hr/ava_images___846773.png,/home/29o_rya@lab.graphicon.ru/QualiSR-Lab/dataset/lr/ava_images___846773.png,train,-22.176208,-14.809035,-13.867996,-4.227428,-2.4532266,-13.975387,5.994182,-13.49354,1.8081212,-8.000122,12.211854,2.3868198,-19.180986,17.389482,-45.444237,-64.56751,41.857895,-5.333806,-18.2302,19.348124,32.610905,75.07111,30.754227,-18.844517,-0.2391926
PASD:ava_images___857447,PASD,ava_images___857447.png,/home/29o_rya@lab.graphicon.ru/QualiSR-Lab/dataset/sr/PASD/ava_images___857447.png,/home/29o_rya@lab.graphicon.ru/QualiSR-Lab/dataset/hr/ava_images___857447.png,/home/29o_rya@lab.graphicon.ru/QualiSR-Lab/dataset/lr/ava_images___857447.png,train,-20.336267,3.3020182,-5.301115,-19.911098,13.740658,-13.125964,16.358227,-5.841457,0.73304224,-5.642742,3.6040576,4.241023,-12.390875,21.615114,-25.851538,-63.804333,72.431206,-30.745941,1.3230848,25.69376,-50.054497,-61.942806,-33.544815,26.85625,0.18831348
PASD:ava_images___864250,PASD,ava_images___864250.png,/home/29o_rya@lab.graphicon.ru/QualiSR-Lab/dataset/sr/PASD/ava_images___864250.png,/home/29o_rya@lab.graphicon.ru/QualiSR-Lab/dataset/hr/ava_images___864250.png,/home/29o_rya@lab.graphicon.ru/QualiSR-Lab/dataset/lr/ava_images___864250.png,train,-14.092028,-0.14401817,-8.904421,-9.071487,2.2315838,-0.43658066,25.778603,-37.454815,-8.0470495,12.965372,111.98898,107.02678,-16.46897,-24.113565,15.051009,11.735271,-5.5672574,-14.419334,1.2439141,-16.114931,0.8924906,-1.3654304,2.6999607,2.4194613,0.42264926
PASD:ava_images___865616,PASD,ava_images___865616.png,/home/29o_rya@lab.graphicon.ru/QualiSR-Lab/dataset/sr/PASD/ava_images___865616.png,/home/29o_rya@lab.graphicon.ru/QualiSR-Lab/dataset/hr/ava_images___865616.png,/home/29o_rya@lab.graphicon.ru/QualiSR-Lab/dataset/lr/ava_images___865616.png,train,20.871595,-14.753138,-11.198789,-20.120522,-16.79521,-15.965656,-84.16719,152.44377,-61.116524,38.283554,40.289955,2.0832663,1.5838227,0.29873508,-9.7115135,2.377477,2.16966,-3.765203,-1.1330509,3.7135196,-2.5107298,4.17694,-4.301336,1.763526,-4.770876
PASD:ava_images___953752,PASD,ava_images___953752.png,/home/29o_rya@lab.graphicon.ru/QualiSR-Lab/dataset/sr/PASD/ava_images___953752.png,/home/29o_rya@lab.graphicon.ru/QualiSR-Lab/dataset/hr/ava_images___953752.png,/home/29o_rya@lab.graphicon.ru/QualiSR-Lab/dataset/lr/ava_images___953752.png,train,237.79301,-47.651466,-31.756737,-1.6234903,-13.846655,0.9595289,19.961874,-17.793499,14.863551,11.6455345,-5.4402933,3.4867554,-0.46154642,3.133033,-2.2200117,-4.4081163,5.435498,0.03238225,-0.8363037,7.0425057,-2.3262424,-0.8753233,-2.8563828,-5.4877443,-2.0853722
PASD:blur_dataset___out_of_focus0685,PASD,blur_dataset___out_of_focus0685.png,/home/29o_rya@lab.graphicon.ru/QualiSR-Lab/dataset/sr/PASD/blur_dataset___out_of_focus0685.png,/home/29o_rya@lab.graphicon.ru/QualiSR-Lab/dataset/hr/blur_dataset___out_of_focus0685.png,/home/29o_rya@lab.graphicon.ru/QualiSR-Lab/dataset/lr/blur_dataset___out_of_focus0685.png,train,-1.9630871,-14.560545,-8.262982,-16.07082,-7.551342,-5.6958833,-3.7558553,-15.446819,-4.0821652,-16.421463,-7.2746916,-21.329079,-0.8918581,1.4846109,-1.5635157,0.6106291,-24.275259,-12.074039,-23.688921,-72.364006,-81.68519,67.84547,-42.606438,15.805898,7.866665
PASD:voc_emotic_ava___EMOTIC__COCO_train2014_000000244530,PASD,voc_emotic_ava___EMOTIC__COCO_train2014_000000244530.png,/home/29o_rya@lab.graphicon.ru/QualiSR-Lab/dataset/sr/PASD/voc_emotic_ava___EMOTIC__COCO_train2014_000000244530.png,/home/29o_rya@lab.graphicon.ru/QualiSR-Lab/dataset/hr/voc_emotic_ava___EMOTIC__COCO_train2014_000000244530.png,/home/29o_rya@lab.graphicon.ru/QualiSR-Lab/dataset/lr/voc_emotic_ava___EMOTIC__COCO_train2014_000000244530.png,train,-16.469759,-14.63595,-6.9212875,-10.68548,-0.13262811,-24.748009,-32.73721,27.174213,51.61632,-31.81736,-84.001396,107.40086,65.64213,18.806892,-9.211638,0.5691823,-5.474331,-0.47252297,5.1963067,1.0243211,-0.71621275,3.7663584,-0.16060019,-1.8387222,0.64027715
PASD:voc_emotic_ava___EMOTIC__COCO_train2014_000000247190,PASD,voc_emotic_ava___EMOTIC__COCO_train2014_000000247190.png,/home/29o_rya@lab.graphicon.ru/QualiSR-Lab/dataset/sr/PASD/voc_emotic_ava___EMOTIC__COCO_train2014_000000247190.png,/home/29o_rya@lab.graphicon.ru/QualiSR-Lab/dataset/hr/voc_emotic_ava___EMOTIC__COCO_train2014_000000247190.png,/home/29o_rya@lab.graphicon.ru/QualiSR-Lab/dataset/lr/voc_emotic_ava___EMOTIC__COCO_train2014_000000247190.png,train,32.731552,108.98723,13.63258,-26.228588,181.50299,59.91822,-9.449405,2.8807373,-26.370396,6.6625614,-10.2788925,4.3908463,7.204408,-2.4804769,-6.992545,3.8731372,-1.9185641,9.683834,-22.343315,-5.4981756,7.9476724,5.539111,-0.38751677,-3.032393,-2.0473566
PASD:voc_emotic_ava___EMOTIC__COCO_val2014_000000020598,PASD,voc_emotic_ava___EMOTIC__COCO_val2014_000000020598.png,/home/29o_rya@lab.graphicon.ru/QualiSR-Lab/dataset/sr/PASD/voc_emotic_ava___EMOTIC__COCO_val2014_000000020598.png,/home/29o_rya@lab.graphicon.ru/QualiSR-Lab/dataset/hr/voc_emotic_ava___EMOTIC__COCO_val2014_000000020598.png,/home/29o_rya@lab.graphicon.ru/QualiSR-Lab/dataset/lr/voc_emotic_ava___EMOTIC__COCO_val2014_000000020598.png,train,-13.477582,-3.1710634,-16.130463,-21.518353,18.569614,35.81854,-40.974026,27.159733,170.6714,14.304808,52.20603,-37.758453,-21.14405,15.614423,2.5745728,9.597109,-7.998791,-5.450574,1.7100446,2.237409,3.6199214,-3.0947168,-0.674543,4.051325,0.84859025
PASD:voc_emotic_ava___JPEGImages__2008_003883,PASD,voc_emotic_ava___JPEGImages__2008_003883.png,/home/29o_rya@lab.graphicon.ru/QualiSR-Lab/dataset/sr/PASD/voc_emotic_ava___JPEGImages__2008_003883.png,/home/29o_rya@lab.graphicon.ru/QualiSR-Lab/dataset/hr/voc_emotic_ava___JPEGImages__2008_003883.png,/home/29o_rya@lab.graphicon.ru/QualiSR-Lab/dataset/lr/voc_emotic_ava___JPEGImages__2008_003883.png,test,1.6857586,-9.078815,-3.7727008,-5.051744,-2.2039988,-5.5721426,-12.287064,5.8725863,-6.212847,-4.4809313,1.0930214,-0.9036989,-2.4745286,-10.508511,8.891246,3.5918233,-2.0747893,-4.914659,-1.0635762,-1.2661262,2.9847748,0.9311919,-2.818705,-3.777041,0.86586916
PASD:voc_emotic_ava___VOC2012__2010_004399,PASD,voc_emotic_ava___VOC2012__2010_004399.png,/home/29o_rya@lab.graphicon.ru/QualiSR-Lab/dataset/sr/PASD/voc_emotic_ava___VOC2012__2010_004399.png,/home/29o_rya@lab.graphicon.ru/QualiSR-Lab/dataset/hr/voc_emotic_ava___VOC2012__2010_004399.png,/home/29o_rya@lab.graphicon.ru/QualiSR-Lab/dataset/lr/voc_emotic_ava___VOC2012__2010_004399.png,train,-6.331813,25.241894,9.492296,-10.542826,-7.2046137,-16.335142,143.18408,81.21101,17.910156,-29.203295,0.07436776,-16.415995,13.792543,-37.596878,-11.167096,0.81622106,-13.044329,-4.442632,0.93454266,-0.8500204,3.2918472,2.5653238,-1.373709,-6.0376797,3.3346972
PASD:voc_emotic_ava___VOC2012__2012_004043,PASD,voc_emotic_ava___VOC2012__2012_004043.png,/home/29o_rya@lab.graphicon.ru/QualiSR-Lab/dataset/sr/PASD/voc_emotic_ava___VOC2012__2012_004043.png,/home/29o_rya@lab.graphicon.ru/QualiSR-Lab/dataset/hr/voc_emotic_ava___VOC2012__2012_004043.png,/home/29o_rya@lab.graphicon.ru/QualiSR-Lab/dataset/lr/voc_emotic_ava___VOC2012__2012_004043.png,train,38.748993,217.19296,52.565666,24.518225,-100.598755,-26.569695,-32.804844,-20.631691,8.150127,-7.818261,3.4163363,-0.6807194,-1.0678353,8.697233,-6.1292114,-2.6830966,0.49655247,2.3483682,-7.193491,-2.299612,0.7081078,-1.9107857,-0.6596469,-2.6570425,-1.0979712
SUPIR:1024x768___4962875195,SUPIR,1024x768___4962875195.png,/home/29o_rya@lab.graphicon.ru/QualiSR-Lab/dataset/sr/SUPIR/1024x768___4962875195.png,/home/29o_rya@lab.graphicon.ru/QualiSR-Lab/dataset/hr/1024x768___4962875195.png,/home/29o_rya@lab.graphicon.ru/QualiSR-Lab/dataset/lr/1024x768___4962875195.png,train,-7.096286,-7.842218,-7.5487223,-13.906472,0.4592382,-3.198494,-19.99278,-17.653103,-11.687277,-20.367226,-20.990425,-13.224272,-8.054734,-39.173435,19.714561,40.670765,-20.133087,-81.978264,-62.737854,62.706318,2.092003,6.4950705,-3.2907386,15.2183275,-7.3120894
SUPIR:ava_images___101816,SUPIR,ava_images___101816.png,/home/29o_rya@lab.graphicon.ru/QualiSR-Lab/dataset/sr/SUPIR/ava_images___101816.png,/home/29o_rya@lab.graphicon.ru/QualiSR-Lab/dataset/hr/ava_images___101816.png,/home/29o_rya@lab.graphicon.ru/QualiSR-Lab/dataset/lr/ava_images___101816.png,train,0.7838974,25.534046,-8.049389,-13.926273,25.070194,-10.738454,1.2904363,-14.104021,-23.284538,-11.612158,-0.05973792,-10.51522,-14.056381,33.42811,14.548757,7.9598665,-30.562178,-30.632303,114.1453,43.57418,-18.571934,25.872467,9.949916,11.742248,4.2039185
SUPIR:ava_images___158174,SUPIR,ava_images___158174.png,/home/29o_rya@lab.graphicon.ru/QualiSR-Lab/dataset/sr/SUPIR/ava_images___158174.png,/home/29o_rya@lab.graphicon.ru/QualiSR-Lab/dataset/hr/ava_images___158174.png,/home/29o_rya@lab.graphicon.ru/QualiSR-Lab/dataset/lr/ava_images___158174.png,train,-16.213541,-13.174564,-5.0872726,-13.281521,-65.405136,180.10141,9.345175,0.5608425,-25.564869,-21.478622,-3.9925098,3.4399261,21.649137,12.094993,0.09785199,-13.619986,-6.45577,2.9639797,3.460701,5.7194905,4.460018,-2.3411741,-5.178122,-1.6132822,3.1173658
SUPIR:ava_images___18037,SUPIR,ava_images___18037.png,/home/29o_rya@lab.graphicon.ru/QualiSR-Lab/dataset/sr/SUPIR/ava_images___18037.png,/home/29o_rya@lab.graphicon.ru/QualiSR-Lab/dataset/hr/ava_images___18037.png,/home/29o_rya@lab.graphicon.ru/QualiSR-Lab/dataset/lr/ava_images___18037.png,train,-13.888563,-12.307801,-10.73493,-9.3625765,1.2646486,-14.521287,-7.1988044,-12.046172,-6.3279066,-11.102103,-2.975078,-12.078502,-5.447204,0.16310337,-7.7663403,-2.3238287,-9.0717535,0.8668064,5.4295163,-9.320226,7.0381618,-9.710474,-4.970135,-11.390919,-2.7790604
SUPIR:ava_images___217590,SUPIR,ava_images___217590.png,/home/29o_rya@lab.graphicon.ru/QualiSR-Lab/dataset/sr/SUPIR/ava_images___217590.png,/home/29o_rya@lab.graphicon.ru/QualiSR-Lab/dataset/hr/ava_images___217590.png,/home/29o_rya@lab.graphicon.ru/QualiSR-Lab/dataset/lr/ava_images___217590.png,test,-12.030346,-11.698678,-10.520161,-9.55821,1.1774824,-13.792748,-4.4223447,-11.096542,-4.62825,-11.281676,-2.688675,-9.568107,-5.7115307,-1.7278645,-7.031029,-2.610949,-8.584817,0.22769392,3.6688044,-9.522411,6.076242,-9.057142,-2.8480942,-11.596744,-0.746212
SUPIR:ava_images___251530,SUPIR,ava_images___251530.png,/home/29o_rya@lab.graphicon.ru/QualiSR-Lab/dataset/sr/SUPIR/ava_images___251530.png,/home/29o_rya@lab.graphicon.ru/QualiSR-Lab/dataset/hr/ava_images___251530.png,/home/29o_rya@lab.graphicon.ru/QualiSR-Lab/dataset/lr/ava_images___251530.png,train,-13.268176,-11.512205,-10.489607,-9.411104,-0.79796845,-14.242685,-8.006738,-11.551189,-7.3432455,-11.325535,-2.874638,-12.212769,-5.5132246,-0.06567077,-2.9189444,-0.9484221,-7.2545457,-0.47295344,7.0332603,-10.941265,7.052205,-8.821661,-3.9648445,-7.596168,-3.5163426
SUPIR:ava_images___253900,SUPIR,ava_images___253900.png,/home/29o_rya@lab.graphicon.ru/QualiSR-Lab/dataset/sr/SUPIR/ava_images___253900.png,/home/29o_rya@lab.graphicon.ru/QualiSR-Lab/dataset/hr/ava_images___253900.png,/home/29o_rya@lab.graphicon.ru/QualiSR-Lab/dataset/lr/ava_images___253900.png,train,-1.2045441,-14.745251,-7.099731,-5.9233117,-0.81627554,-14.593277,-11.286835,-8.871729,-11.002199,-17.400501,-4.0857663,-9.024367,-10.319149,-8.345247,-2.7992713,0.39295393,-10.338149,0.03134954,7.959659,-22.66935,24.157711,-20.153027,-10.5149555,7.345313,39.30772
SUPIR:ava_images___273810,SUPIR,ava_images___273810.png,/home/29o_rya@lab.graphicon.ru/QualiSR-Lab/dataset/sr/SUPIR/ava_images___273810.png,/home/29o_rya@lab.graphicon.ru/QualiSR-Lab/dataset/hr/ava_images___273810.png,/home/29o_rya@lab.graphicon.ru/QualiSR-Lab/dataset/lr/ava_images___273810.png,train,-29.249372,0.32868195,14.898333,-15.5545635,-21.898481,10.867906,32.305977,-5.355859,4.86578,133.92485,-71.57188,23.161438,-73.8682,-4.3272634,2.3942392,-2.4955623,-14.452806,4.9794545,-1.059855,-1.4513707,3.0953474,2.1639414,-2.0771797,4.540103,5.5357156
SUPIR:ava_images___295451,SUPIR,ava_images___295451.png,/home/29o_rya@lab.graphicon.ru/QualiSR-Lab/dataset/sr/SUPIR/ava_images___295451.png,/home/29o_rya@lab.graphicon.ru/QualiSR-Lab/dataset/hr/ava_images___295451.png,/home/29o_rya@lab.graphicon.ru/QualiSR-Lab/dataset/lr/ava_images___295451.png,train,-17.141594,-9.995906,-4.1862636,-9.279484,-2.206941,-6.910152,-1.9017687,-12.827874,-7.822316,1.6630344,-3.3910232,-13.638503,5.441879,-1.1251056,2.5239017,3.6631231,-10.953304,-7.1511188,3.110743,-17.182926,-7.8982553,-22.326054,1.2454424,-68.93538,-47.670612
SUPIR:ava_images___308473,SUPIR,ava_images___308473.png,/home/29o_rya@lab.graphicon.ru/QualiSR-Lab/dataset/sr/SUPIR/ava_images___308473.png,/home/29o_rya@lab.graphicon.ru/QualiSR-Lab/dataset/hr/ava_images___308473.png,/home/29o_rya@lab.graphicon.ru/QualiSR-Lab/dataset/lr/ava_images___308473.png,train,-4.340107,-13.526796,-9.683844,-11.254534,-5.1328983,-13.460468,-13.979057,-3.40312,-9.133574,-20.537285,-7.5003805,-13.960302,-6.2379904,-14.901083,2.3377283,-2.5190134,-0.80229044,-8.960479,-4.073021,-17.709318,11.020175,-18.740204,27.828753,-21.705502,80.95193
SUPIR:ava_images___321917,SUPIR,ava_images___321917.png,/home/29o_rya@lab.graphicon.ru/QualiSR-Lab/dataset/sr/SUPIR/ava_images___321917.png,/home/29o_rya@lab.graphicon.ru/QualiSR-Lab/dataset/hr/ava_images___321917.png,/home/29o_rya@lab.graphicon.ru/QualiSR-Lab/dataset/lr/ava_images___321917.png,train,-5.218709,-15.412752,-13.162173,-7.8172307,0.7039199,-15.64349,-7.759783,-13.930391,-10.813192,-23.859154,-5.5369434,-12.158695,-9.469006,-1.2377421,-14.0402,-7.0772,-16.405107,11.736446,8.716774,-18.319569,66.87683,0.17211962,-41.404408,47.41072,-29.747238
SUPIR:ava_images___360165,SUPIR,ava_images___360165.png,/home/29o_rya@lab.graphicon.ru/QualiSR-Lab/dataset/sr/SUPIR/ava_images___360165.png,/home/29o_rya@lab.graphicon.ru/QualiSR-Lab/dataset/hr/ava_images___360165.png,/home/29o_rya@lab.graphicon.ru/QualiSR-Lab/dataset/lr/ava_images___360165.png,train,11.69138,-62.011684,204.0894,40.84887,19.149212,1.1663046,-6.6229763,0.97309494,4.4425306,-6.560794,6.6335087,-0.66549397,2.081924,1.0701768,3.7554538,-2.0188022,-0.12980413,-1.764068,3.4686909,0.16813564,-1.4115162,1.001327,1.9098529,0.669734,-1.0012186
SUPIR:ava_images___426629,SUPIR,ava_images___426629.png,/home/29o_rya@lab.graphicon.ru/QualiSR-Lab/dataset/sr/SUPIR/ava_images___426629.png,/home/29o_rya@lab.graphicon.ru/QualiSR-Lab/dataset/hr/ava_images___426629.png,/home/29o_rya@lab.graphicon.ru/QualiSR-Lab/dataset/lr/ava_images___426629.png,test,-13.306703,-6.8226957,-7.7653913,-9.444861,0.33957168,-11.429363,-3.6997247,-10.297122,-4.4584484,-9.971612,-1.0183474,-6.1203184,-6.336023,-4.0485272,-5.6506453,0.21645829,-6.6110425,2.914588,4.2943397,-10.107686,6.4912496,-7.841587,-6.230293,-8.211809,-2.47564
SUPIR:ava_images___436880,SUPIR,ava_images___436880.png,/home/29o_rya@lab.graphicon.ru/QualiSR-Lab/dataset/sr/SUPIR/ava_images___436880.png,/home/29o_rya@lab.graphicon.ru/QualiSR-Lab/dataset/hr/ava_images___436880.png,/home/29o_rya@lab.graphicon.ru/QualiSR-Lab/dataset/lr/ava_images___436880.png,train,-8.845198,-1.304656,-11.330932,-18.879154,-2.2743864,-9.403469,-23.827684,-4.057211,7.294753,-9.730121,-11.619944,-6.4364595,6.6467195,-83.83028,89.26778,-36.65174,29.468754,47.78239,12.765255,17.275944,-5.9691534,13.665214,-9.099974,-1.9938965,-4.9376497
SUPIR:ava_images___46021,SUPIR,ava_images___46021.png,/home/29o_rya@lab.graphicon.ru/QualiSR-Lab/dataset/sr/SUPIR/ava_images___46021.png,/home/29o_rya@lab.graphicon.ru/QualiSR-Lab/dataset/hr/ava_images___46021.png,/home/29o_rya@lab.graphicon.ru/QualiSR-Lab/dataset/lr/ava_images___46021.png,train,-13.262516,-12.972726,-6.9310446,1.8690042,-3.181894,-12.620236,-4.3821583,-14.481195,-8.505444,-8.05463,2.0626724,-5.50921,-4.6595287,-1.1552299,-11.324653,-3.746852,-10.053375,0.7534858,-4.6514797,-0.104756355,10.783329,-4.7291975,3.1514833,-25.10926,-11.304652
SUPIR:ava_images___472713,SUPIR,ava_images___472713.png,/home/29o_rya@lab.graphicon.ru/QualiSR-Lab/dataset/sr/SUPIR/ava_images___472713.png,/home/29o_rya@lab.graphicon.ru/QualiSR-Lab/dataset/hr/ava_images___472713.png,/home/29o_rya@lab.graphicon.ru/QualiSR-Lab/dataset/lr/ava_images___472713.png,test,-7.930728,-2.9713526,1.2791004,6.0760145,-2.5284135,-3.1918297,7.188309,-4.9254622,11.866139,10.879551,-0.26338685,2.7738628,8.426777,-1.6286846,0.0020320415,2.3302863,-1.4900277,-2.3968642,2.8670135,2.3514037,-9.175765,0.7693105,3.4038398,-6.8784127,-7.8515897
SUPIR:ava_images___501777,SUPIR,ava_images___501777.png,/home/29o_rya@lab.graphicon.ru/QualiSR-Lab/dataset/sr/SUPIR/ava_images___501777.png,/home/29o_rya@lab.graphicon.ru/QualiSR-Lab/dataset/hr/ava_images___501777.png,/home/29o_rya@lab.graphicon.ru/QualiSR-Lab/dataset/lr/ava_images___501777.png,test,-13.1610775,-10.106038,-6.1577153,-12.643948,-2.0656643,-6.5717974,-2.4400196,-0.5220642,1.677094,-2.6008224,-6.1112385,-2.2250862,-0.95611143,1.0690235,1.1652033,1.5644984,-9.040918,-0.7349973,3.361187,-6.032721,-0.30191875,-7.6929,4.1624255,-13.03756,-7.385531
SUPIR:ava_images___564572,SUPIR,ava_images___564572.png,/home/29o_rya@lab.graphicon.ru/QualiSR-Lab/dataset/sr/SUPIR/ava_images___564572.png,/home/29o_rya@lab.graphicon.ru/QualiSR-Lab/dataset/hr/ava_images___564572.png,/home/29o_rya@lab.graphicon.ru/QualiSR-Lab/dataset/lr/ava_images___564572.png,train,-17.900135,-14.404182,-12.140533,4.4821806,-1.9180152,-17.293985,1.4895768,-17.846325,-8.828078,-11.848222,19.767,-2.1152735,-5.3305483,0.064651325,-47.275795,18.0375,-44.685406,85.3678,-22.606983,55.280415,-32.62718,-5.9540267,-0.22961593,7.4872236,7.09097
SUPIR:ava_images___588008,SUPIR,ava_images___588008.png,/home/29o_rya@lab.graphicon.ru/QualiSR-Lab/dataset/sr/SUPIR/ava_images___588008.png,/home/29o_rya@lab.graphicon.ru/QualiSR-Lab/dataset/hr/ava_images___588008.png,/home/29o_rya@lab.graphicon.ru/QualiSR-Lab/dataset/lr/ava_images___588008.png,train,-15.260481,-12.858619,-10.406765,-7.6067786,-0.24518952,-15.606955,-6.529322,-12.428619,-6.344102,-11.382051,-3.3464983,-11.960482,-6.1134725,0.25791046,-9.149108,-1.4389096,-7.44341,-1.1881951,1.9704242,-8.204164,8.722568,-9.910848,-3.2074583,-11.440344,1.2712857
SUPIR:ava_images___645845,SUPIR,ava_images___645845.png,/home/29o_rya@lab.graphicon.ru/QualiSR-Lab/dataset/sr/SUPIR/ava_images___645845.png,/home/29o_rya@lab.graphicon.ru/QualiSR-Lab/dataset/hr/ava_images___645845.png,/home/29o_rya@lab.graphicon.ru/QualiSR-Lab/dataset/lr/ava_images___645845.png,test,1.2984924,-4.291123,-4.962534,-9.335298,-10.691232,-5.383046,6.674215,-3.0298395,-6.186916,-7.293886,4.1688433,-2.5850973,-0.5889373,4.33108,3.7357686,-2.0235236,-7.5679646,8.848047,-0.4241767,-8.175225,5.92925,-1.0832529,-6.331991,-1.7792182,0.85907614
SUPIR:ava_images___699615,SUPIR,ava_images___699615.png,/home/29o_rya@lab.graphicon.ru/QualiSR-Lab/dataset/sr/SUPIR/ava_images___699615.png,/home/29o_rya@lab.graphicon.ru/QualiSR-Lab/dataset/hr/ava_images___699615.png,/home/29o_rya@lab.graphicon.ru/QualiSR-Lab/dataset/lr/ava_images___699615.png,train,-13.478998,-2.7915745,-56.42961,194.56221,20.501263,11.765109,0.46117973,17.744797,-0.68222237,-5.1678524,-9.488248,2.5097256,-18.84926,0.43127143,7.192625,1.728897,4.655342,-4.857193,2.007882,-4.2365255,-4.97494,-1.3062248,-2.369849,-1.6178489,-3.2416582
SUPIR:ava_images___710191,SUPIR,ava_images___710191.png,/home/29o_rya@lab.graphicon.ru/QualiSR-Lab/dataset/sr/SUPIR/ava_images___710191.png,/home/29o_rya@lab.graphicon.ru/QualiSR-Lab/dataset/hr/ava_images___710191.png,/home/29o_rya@lab.graphicon.ru/QualiSR-Lab/dataset/lr/ava_images___710191.png,train,-15.85206,-6.3407454,0.30685425,-13.629477,-9.892957,11.284932,4.1183496,-12.271273,-9.623678,-5.739359,-11.030678,-11.3436985,-4.1314077,-4.915841,-20.588217,101.46033,91.54745,20.234034,17.990438,-4.1657467,1.2371656,12.352445,-5.304618,1.321682,-1.0527135
SUPIR:ava_images___737450,SUPIR,ava_images___737450.png,/home/29o_rya@lab.graphicon.ru/QualiSR-Lab/dataset/sr/SUPIR/ava_images___737450.png,/home/29o_rya@lab.graphicon.ru/QualiSR-Lab/dataset/hr/ava_images___737450.png,/home/29o_rya@lab.graphicon.ru/QualiSR-Lab/dataset/lr/ava_images___737450.png,train,-22.920166,-5.707429,-9.974698,21.842793,-1.9365963,-14.746735,9.83112,-37.33909,-5.0711718,88.01098,24.64047,-35.320652,115.937195,-6.4547863,-8.506544,-3.8133864,-2.321607,-8.4514,4.6461234,1.6388249,4.9652166,1.2780161,2.1208699,9.163867,5.576852
SUPIR:ava_images___74410,SUPIR,ava_images___74410.png,/home/29o_rya@lab.graphicon.ru/QualiSR-Lab/dataset/sr/SUPIR/ava_images___74410.png,/home/29o_rya@lab.graphicon.ru/QualiSR-Lab/dataset/hr/ava_images___74410.png,/home/29o_rya@lab.graphicon.ru/QualiSR-Lab/dataset/lr/ava_images___74410.png,train,-13.020606,-10.684522,-6.0285892,-9.156525,0.62282383,-14.166325,-0.98971844,-11.85651,-7.2301817,-7.3206496,-8.744221,-11.244822,-2.2087188,6.680876,-2.3524919,3.595466,-6.7418633,-5.893046,10.008308,-4.9756613,-1.9596009,-12.2114525,-4.4937186,-17.73145,-11.777653
SUPIR:ava_images___751927,SUPIR,ava_images___751927.png,/home/29o_rya@lab.graphicon.ru/QualiSR-Lab/dataset/sr/SUPIR/ava_images___751927.png,/home/29o_rya@lab.graphicon.ru/QualiSR-Lab/dataset/hr/ava_images___751927.png,/home/29o_rya@lab.graphicon.ru/QualiSR-Lab/dataset/lr/ava_images___751927.png,train,-11.731592,-6.586901,-4.9360614,-14.146322,1.3781602,-28.884892,42.670918,8.134669,-16.75048,-1.4280272,6.685357,-7.3431625,5.6532607,119.386475,90.87227,11.198954,7.234624,20.53073,-39.970184,6.588982,8.62704,-0.95097876,3.249176,3.4994373,2.3450384
SUPIR:ava_images___773899,SUPIR,ava_images___773899.png,/home/29o_rya@lab.graphicon.ru/QualiSR-Lab/dataset/sr/SUPIR/ava_images___773899.png,/home/29o_rya@lab.graphicon.ru/QualiSR-Lab/dataset/hr/ava_images___773899.png,/home/29o_rya@lab.graphicon.ru/QualiSR-Lab/dataset/lr/ava_images___773899.png,train,-5.607703,-11.014611,-7.6979427,-12.268575,-8.979762,-2.8872843,-7.348555,-5.917127,-5.89661,-16.0448,-12.855025,-13.82068,-4.3475537,-10.24252,2.0897753,-4.0727873,-3.2846975,3.3505259,-1.377109,-33.235928,-15.954997,-19.354065,80.26508,42.58692,-26.43932
SUPIR:ava_images___827653,SUPIR,ava_images___827653.png,/home/29o_rya@lab.graphicon.ru/QualiSR-Lab/dataset/sr/SUPIR/ava_images___827653.png,/home/29o_rya@lab.graphicon.ru/QualiSR-Lab/dataset/hr/ava_images___827653.png,/home/29o_rya@lab.graphicon.ru/QualiSR-Lab/dataset/lr/ava_images___827653.png,test,-5.8001213,-12.59263,-0.26448345,-7.491951,-6.110778,-6.0080457,-0.019696236,-1.2922592,-3.8521526,-1.9006453,5.9895897,1.1355839,2.0524068,-0.7640596,-0.21955752,0.6635487,-9.191869,13.606888,-3.5444365,-2.1018448,-3.299479,0.81447697,-0.11954534,-5.6321936,2.95719
SUPIR:ava_images___842206,SUPIR,ava_images___842206.png,/home/29o_rya@lab.graphicon.ru/QualiSR-Lab/dataset/sr/SUPIR/ava_images___842206.png,/home/29o_rya@lab.graphicon.ru/QualiSR-Lab/dataset/hr/ava_images___842206.png,/home/29o_rya@lab.graphicon.ru/QualiSR-Lab/dataset/lr/ava_images___842206.png,test,-15.501822,-1.1049299,-4.4609523,-6.401928,-1.547236,-3.2846174,9.156248,-1.0448637,9.433331,0.9730387,0.9980743,-3.4276986,-3.1808872,-2.060038,-11.14613,-2.1240418,12.409584,-2.8787913,-1.3680925,0.27918816,0.36427665,4.0587463,0.44333437,-8.60135,1.1266261
SUPIR:ava_images___846773,SUPIR,ava_images___846773.png,/home/29o_rya@lab.graphicon.ru/QualiSR-Lab/dataset/sr/SUPIR/ava_images___846773.png,/home/29o_rya@lab.graphicon.ru/QualiSR-Lab/dataset/hr/ava_images___846773.png,/home/29o_rya@lab.graphicon.ru/QualiSR-Lab/dataset/lr/ava_images___846773.png,train,-21.031488,-14.9718075,-13.759644,-4.1195564,-2.6529727,-14.698694,5.628718,-13.1833725,1.0316877,-8.50214,9.168021,1.9048758,-17.448685,18.087175,-42.10897,-60.818005,38.18821,-4.705196,-17.224945,18.485786,30.510338,68.72263,28.306774,-15.940585,-1.7794356
SUPIR:ava_images___857447,SUPIR,ava_images___857447.png,/home/29o_rya@lab.graphicon.ru/QualiSR-Lab/dataset/sr/SUPIR/ava_images___857447.png,/home/29o_rya@lab.graphicon.ru/QualiSR-Lab/dataset/hr/ava_images___857447.png,/home/29o_rya@lab.graphicon.ru/QualiSR-Lab/dataset/lr/ava_images___857447.png,train,-20.361904,0.56001854,-6.7015,-17.621433,12.55544,-14.877596,13.514345,-6.4215565,0.7886877,-6.6468515,4.336319,1.6615839,-11.705743,20.021753,-25.172571,-60.34313,65.58046,-27.737131,-0.57155704,22.02738,-45.72415,-58.376457,-29.904629,23.875027,-0.64323294
SUPIR:ava_images___864250,SUPIR,ava_images___864250.png,/home/29o_rya@lab.graphicon.ru/QualiSR-Lab/dataset/sr/SUPIR/ava_images___864250.png,/home/29o_rya@lab.graphicon.ru/QualiSR-Lab/dataset/hr/ava_images___864250.png,/home/29o_rya@lab.graphicon.ru/QualiSR-Lab/dataset/lr/ava_images___864250.png,train,-12.848345,0.7700329,-10.16295,-7.931341,1.906516,-0.4860611,29.80003,-41.10684,-12.193876,12.838442,120.269264,115.59942,-16.67928,-21.012014,15.229062,12.909719,-3.4727116,-14.817293,-0.6664076,-16.841934,0.06917977,-1.6942468,2.5599532,3.8833084,-1.2562845
SUPIR:ava_images___865616,SUPIR,ava_images___865616.png,/home/29o_rya@lab.graphicon.ru/QualiSR-Lab/dataset/sr/SUPIR/ava_images___865616.png,/home/29o_rya@lab.graphicon.ru/QualiSR-Lab/dataset/hr/ava_images___865616.png,/home/29o_rya@lab.graphicon.ru/QualiSR-Lab/dataset/lr/ava_images___865616.png,train,17.361078,-15.775919,-12.316254,-19.716679,-18.29732,-16.462513,-81.506516,142.8062,-57.536507,35.54374,38.098854,1.3280582,1.4238386,3.5570002,-8.866123,3.2712615,1.4218364,-4.1828523,-0.8016195,2.4207158,-2.28022,2.1288853,-3.392425,1.1392298,-4.6205807
SUPIR:ava_images___953752,SUPIR,ava_images___953752.png,/home/29o_rya@lab.graphicon.ru/QualiSR-Lab/dataset/sr/SUPIR/ava_images___953752.png,/home/29o_rya@lab.graphicon.ru/QualiSR-Lab/dataset/hr/ava_images___953752.png,/home/29o_rya@lab.graphicon.ru/QualiSR-Lab/dataset/lr/ava_images___953752.png,train,233.13245,-48.215015,-31.948288,-0.6215086,-11.247233,1.7514629,19.842485,-20.696705,13.302897,12.818794,-6.7563057,4.0407066,0.2786479,4.4840407,-4.492502,-3.0985534,4.186756,3.2857661,0.7176018,2.6921964,-1.4924302,-1.4056587,0.30902204,-4.5031385,-2.6543236
SUPIR:blur_dataset___out_of_focus0685,SUPIR,blur_dataset___out_of_focus0685.png,/home/29o_rya@lab.graphicon.ru/QualiSR-Lab/dataset/sr/SUPIR/blur_dataset___out_of_focus0685.png,/home/29o_rya@lab.graphicon.ru/QualiSR-Lab/dataset/hr/blur_dataset___out_of_focus0685.png,/home/29o_rya@lab.graphicon.ru/QualiSR-Lab/dataset/lr/blur_dataset___out_of_focus0685.png,train,-5.8467903,-12.916765,-7.4903765,-13.817099,-5.9747543,-5.4340925,-5.0224195,-15.821181,-4.004606,-15.254486,-3.876975,-20.751637,-1.779006,1.1796126,-1.346616,0.7260325,-19.46447,-9.443099,-16.539661,-61.977077,-66.37723,53.713116,-33.202705,10.394776,7.1535444
SUPIR:voc_emotic_ava___EMOTIC__COCO_train2014_000000244530,SUPIR,voc_emotic_ava___EMOTIC__COCO_train2014_000000244530.png,/home/29o_rya@lab.graphicon.ru/QualiSR-Lab/dataset/sr/SUPIR/voc_emotic_ava___EMOTIC__COCO_train2014_000000244530.png,/home/29o_rya@lab.graphicon.ru/QualiSR-Lab/dataset/hr/voc_emotic_ava___EMOTIC__COCO_train2014_000000244530.png,/home/29o_rya@lab.graphicon.ru/QualiSR-Lab/dataset/lr/voc_emotic_ava___EMOTIC__COCO_train2014_000000244530.png,train,-16.47406,-13.623359,-9.433526,-9.457277,0.6576388,-24.073994,-32.208225,26.136326,53.98165,-29.074383,-83.019165,106.05295,65.67536,17.028025,-9.840761,1.5909538,-7.162592,0.31783783,5.4233704,-0.030833721,-3.0240383,3.6262455,-1.0218085,-2.22059,1.677828
SUPIR:voc_emotic_ava___EMOTIC__COCO_train2014_000000247190,SUPIR,voc_emotic_ava___EMOTIC__COCO_train2014_000000247190.png,/home/29o_rya@lab.graphicon.ru/QualiSR-Lab/dataset/sr/SUPIR/voc_emotic_ava___EMOTIC__COCO_train2014_000000247190.png,/home/29o_rya@lab.graphicon.ru/QualiSR-Lab/dataset/hr/voc_emotic_ava___EMOTIC__COCO_train2014_000000247190.png,/home/29o_rya@lab.graphicon.ru/QualiSR-Lab/dataset/lr/voc_emotic_ava___EMOTIC__COCO_train2014_000000247190.png,train,29.400934,105.48079,5.4981585,-22.934212,180.69684,61.109108,-7.4681063,4.9985495,-24.476044,8.247946,-15.447113,1.9300575,7.196236,-1.9740074,-8.516188,-3.1797528,-0.727664,11.874651,-15.160831,-10.999539,3.283959,-0.40941525,3.1197371,-5.283856,2.2056098
SUPIR:voc_emotic_ava___EMOTIC__COCO_val2014_000000020598,SUPIR,voc_emotic_ava___EMOTIC__COCO_val2014_000000020598.png,/home/29o_rya@lab.graphicon.ru/QualiSR-Lab/dataset/sr/SUPIR/voc_emotic_ava___EMOTIC__COCO_val2014_000000020598.png,/home/29o_rya@lab.graphicon.ru/QualiSR-Lab/dataset/hr/voc_emotic_ava___EMOTIC__COCO_val2014_000000020598.png,/home/29o_rya@lab.graphicon.ru/QualiSR-Lab/dataset/lr/voc_emotic_ava___EMOTIC__COCO_val2014_000000020598.png,train,-16.128899,-0.80954456,-15.965038,-13.489224,20.557167,29.400066,-36.82323,24.804245,158.68198,11.56399,47.888817,-36.268845,-18.318089,8.344645,3.2755554,11.715748,-8.692661,-2.403619,2.5350626,2.5526757,2.7778318,-1.0766206,0.083295256,2.1444921,1.5659829
SUPIR:voc_emotic_ava___JPEGImages__2008_003883,SUPIR,voc_emotic_ava___JPEGImages__2008_003883.png,/home/29o_rya@lab.graphicon.ru/QualiSR-Lab/dataset/sr/SUPIR/voc_emotic_ava___JPEGImages__2008_003883.png,/home/29o_rya@lab.graphicon.ru/QualiSR-Lab/dataset/hr/voc_emotic_ava___JPEGImages__2008_003883.png,/home/29o_rya@lab.graphicon.ru/QualiSR-Lab/dataset/lr/voc_emotic_ava___JPEGImages__2008_003883.png,test,-0.6614771,-2.7549343,-4.677019,-4.4694853,-1.2269981,-8.27253,-9.899544,4.187497,-3.897719,-5.029291,-1.263066,-4.1144524,-0.9490113,-6.802903,4.198263,3.3279715,-5.41623,-4.173957,-2.1262364,0.035488605,1.2845446,0.20986605,-0.43473583,-4.2434278,0.3032781
SUPIR:voc_emotic_ava___VOC2012__2010_004399,SUPIR,voc_emotic_ava___VOC2012__2010_004399.png,/home/29o_rya@lab.graphicon.ru/QualiSR-Lab/dataset/sr/SUPIR/voc_emotic_ava___VOC2012__2010_004399.png,/home/29o_rya@lab.graphicon.ru/QualiSR-Lab/dataset/hr/voc_emotic_ava___VOC2012__2010_004399.png,/home/29o_rya@lab.graphicon.ru/QualiSR-Lab/dataset/lr/voc_emotic_ava___VOC2012__2010_004399.png,train,-7.3880396,34.897755,11.30447,-11.876032,-7.0058136,-17.075678,158.22128,87.27133,17.374912,-29.035757,-1.3834176,-14.746107,16.30935,-38.242237,-10.065259,4.58283,-10.596921,-9.246901,2.5273857,-1.5245042,5.1308603,2.9112568,-3.073803,-3.4699464,3.338664
SUPIR:voc_emotic_ava___VOC2012__2012_004043,SUPIR,voc_emotic_ava___VOC2012__2012_004043.png,/home/29o_rya@lab.graphicon.ru/QualiSR-Lab/dataset/sr/SUPIR/voc_emotic_ava___VOC2012__2012_004043.png,/home/29o_rya@lab.graphicon.ru/QualiSR-Lab/dataset/hr/voc_emotic_ava___VOC2012__2012_004043.png,/home/29o_rya@lab.graphicon.ru/QualiSR-Lab/dataset/lr/voc_emotic_ava___VOC2012__2012_004043.png,train,37.16265,206.39668,48.814384,22.538322,-95.99045,-30.1991,-32.5806,-17.251701,9.69936,-8.600422,5.408186,-2.3691206,-0.05075741,8.3054,-1.4069064,-4.6430635,-0.42697954,2.383809,-4.3573704,-0.5537982,2.6063788,-0.452312,-3.025406,-0.37132454,-0.33150697
RealESRGAN:1024x768___4962875195,RealESRGAN,1024x768___4962875195.png,/home/29o_rya@lab.graphicon.ru/QualiSR-Lab/dataset/sr/RealESRGAN/1024x768___4962875195.png,/home/29o_rya@lab.graphicon.ru/QualiSR-Lab/dataset/hr/1024x768___4962875195.png,/home/29o_rya@lab.graphicon.ru/QualiSR-Lab/dataset/lr/1024x768___4962875195.png,train,-6.692395,-8.523759,-6.0487766,-12.831939,-1.0996213,-2.0872793,-20.287214,-16.801458,-12.394143,-19.304493,-21.338839,-11.613238,-7.383012,-38.656696,18.611645,39.640903,-20.003033,-80.587204,-61.6588,62.332233,2.1321545,7.3061285,-1.2768999,11.928426,-5.940087
RealESRGAN:ava_images___101816,RealESRGAN,ava_images___101816.png,/home/29o_rya@lab.graphicon.ru/QualiSR-Lab/dataset/sr/RealESRGAN/ava_images___101816.png,/home/29o_rya@lab.graphicon.ru/QualiSR-Lab/dataset/hr/ava_images___101816.png,/home/29o_rya@lab.graphicon.ru/QualiSR-Lab/dataset/lr/ava_images___101816.png,train,-9.521101,3.3308086,-9.360916,-12.088543,12.526523,-13.376491,-3.2727618,-13.503775,-15.39228,-8.652626,-2.2822003,-10.041313,-11.890017,19.51464,6.432189,5.636648,-20.849396,-18.544596,68.47266,21.710665,-7.7422934,9.607093,4.827287,0.7739439,0.6237681
RealESRGAN:ava_images___158174,RealESRGAN,ava_images___158174.png,/home/29o_rya@lab.graphicon.ru/QualiSR-Lab/dataset/sr/RealESRGAN/ava_images___158174.png,/home/29o_rya@lab.graphicon.ru/QualiSR-Lab/dataset/hr/ava_images___158174.png,/home/29o_rya@lab.graphicon.ru/QualiSR-Lab/dataset/lr/ava_images___158174.png,train,-13.800307,-13.618747,-2.9185233,-10.260237,-74.08703,191.90894,6.212789,2.2273378,-24.094994,-21.591002,-4.2522554,4.945204,21.745707,12.989827,0.5872352,-15.260019,-6.6864557,1.4762369,4.4494467,7.867657,3.3196712,-2.6475682,-3.9130154,0.08717346,3.5615444
RealESRGAN:ava_images___18037,RealESRGAN,ava_images___18037.png,/home/29o_rya@lab.graphicon.ru/QualiSR-Lab/dataset/sr/RealESRGAN/ava_images___18037.png,/home/29o_rya@lab.graphicon.ru/QualiSR-Lab/dataset/hr/ava_images___18037.png,/home/29o_rya@lab.graphicon.ru/QualiSR-Lab/dataset/lr/ava_images___18037.png,train,-14.525909,-12.195662,-10.434863,-9.328456,1.1786431,-14.656385,-7.263949,-12.401667,-6.437222,-11.665655,-2.6684551,-12.368325,-5.5636425,0.44431797,-8.231452,-2.896955,-9.48892,1.7966028,5.2809787,-9.095373,7.476262,-9.428274,-5.390391,-12.059981,-2.3150558
RealESRGAN:ava_images___217590,RealESRGAN,ava_images___217590.png,/home/29o_rya@lab.graphicon.ru/QualiSR-Lab/dataset/sr/RealESRGAN/ava_images___217590.png,/home/29o_rya@lab.graphicon.ru/QualiSR-Lab/dataset/hr/ava_images___217590.png,/home/29o_rya@lab.graphicon.ru/QualiSR-Lab/dataset/lr/ava_images___217590.png,test,-11.286637,-11.555196,-10.781264,-9.792264,0.89094293,-13.599747,-4.5341067,-11.070095,-4.8640766,-11.212493,-2.2296994,-8.961871,-5.6834855,-2.0052521,-7.532235,-2.1462924,-9.476942,0.71727,3.8702662,-9.822218,6.423384,-9.838831,-2.7520678,-11.373947,-0.3220281
RealESRGAN:ava_images___251530,RealESRGAN,ava_images___251530.png,/home/29o_rya@lab.graphicon.ru/QualiSR-Lab/dataset/sr/RealESRGAN/ava_images___251530.png,/home/29o_rya@lab.graphicon.ru/QualiSR-Lab/dataset/hr/ava_images___251530.png,/home/29o_rya@lab.graphicon.ru/QualiSR-Lab/dataset/lr/ava_images___251530.png,train,-14.094394,-11.324331,-10.174848,-9.595069,-1.2824941,-14.456187,-8.360738,-11.903723,-7.540762,-11.287355,-2.7868338,-12.197269,-6.1612325,-0.60517555,-3.68522,-1.0092255,-7.318321,-0.69772756,6.3629856,-11.182505,7.333464,-9.857279,-3.656443,-6.9757547,-2.4048676
RealESRGAN:ava_images___253900,RealESRGAN,ava_images___253900.png,/home/29o_rya@lab.graphicon.ru/QualiSR-Lab/dataset/sr/RealESRGAN/ava_images___253900.png,/home/29o_rya@lab.graphicon.ru/QualiSR-Lab/dataset/hr/ava_images___253900.png,/home/29o_rya@lab.graphicon.ru/QualiSR-Lab/dataset/lr/ava_images___253900.png,train,-0.5396919,-13.626063,-5.6635785,-5.9282684,-2.8001812,-14.86246,-11.237452,-7.62429,-12.147144,-18.34097,-4.8718452,-8.2416115,-10.693609,-8.869813,-3.7909799,2.0790644,-9.968403,3.656054,7.928917,-21.22734,27.146637,-22.156826,-11.258885,10.778316,48.859436
RealESRGAN:ava_images___273810,RealESRGAN,ava_images___273810.png,/home/29o_rya@lab.graphicon.ru/QualiSR-Lab/dataset/sr/RealESRGAN/ava_images___273810.png,/home/29o_rya@lab.graphicon.ru/QualiSR-Lab/dataset/hr/ava_images___273810.png,/home/29o_rya@lab.graphicon.ru/QualiSR-Lab/dataset/lr/ava_images___273810.png,train,-27.054478,-1.7973385,16.881126,-15.698292,-21.604797,13.828124,27.738716,-5.8193846,5.406645,126.21128,-68.68494,24.954552,-74.21217,-5.20956,2.1888669,-2.520531,-15.454531,5.855727,-0.9045515,-0.52894735,0.5935322,1.6164255,-2.7008066,4.496378,6.360409
RealESRGAN:ava_images___295451,RealESRGAN,ava_images___295451.png,/home/29o_rya@lab.graphicon.ru/QualiSR-Lab/dataset/sr/RealESRGAN/ava_images___295451.png,/home/29o_rya@lab.graphicon.ru/QualiSR-Lab/dataset/hr/ava_images___295451.png,/home/29o_rya@lab.graphicon.ru/QualiSR-Lab/dataset/lr/ava_images___295451.png,train,-17.664125,-10.558408,-3.9192595,-8.889544,-3.685471,-6.945582,-1.8463926,-10.523629,-7.6261353,0.42566395,-3.8449519,-11.073151,3.3338695,-4.7949524,0.19237113,2.2244992,-12.894572,-7.100606,4.3103933,-16.659578,-7.8949184,-22.298306,2.2340329,-66.71708,-44.551006
RealESRGAN:ava_images___308473,RealESRGAN,ava_images___308473.png,/home/29o_rya@lab.graphicon.ru/QualiSR-Lab/dataset/sr/RealESRGAN/ava_images___308473.png,/home/29o_rya@lab.graphicon.ru/QualiSR-Lab/dataset/hr/ava_images___308473.png,/home/29o_rya@lab.graphicon.ru/QualiSR-Lab/dataset/lr/ava_images___308473.png,train,-6.5340195,-12.467006,-9.828663,-9.940046,-3.7689164,-13.338556,-14.215303,-5.5916,-9.277769,-18.51553,-6.689865,-13.389378,-5.617053,-12.897424,0.32406878,-1.4277344,-1.5211761,-8.435888,-4.3542366,-14.938864,11.823541,-16.893238,25.379772,-19.48243,70.3033
RealESRGAN:ava_images___321917,RealESRGAN,ava_images___321917.png,/home/29o_rya@lab.graphicon.ru/QualiSR-Lab/dataset/sr/RealESRGAN/ava_images___321917.png,/home/29o_rya@lab.graphicon.ru/QualiSR-Lab/dataset/hr/ava_images___321917.png,/home/29o_rya@lab.graphicon.ru/QualiSR-Lab/dataset/lr/ava_images___321917.png,train,-3.51729,-14.955001,-12.271761,-6.8370104,0.84996283,-13.747144,-9.566094,-14.82308,-10.654507,-22.179722,-5.227398,-9.932606,-9.484724,-2.3297977,-12.467078,-6.054934,-14.661977,12.339977,8.042065,-18.577366,65.36938,-0.19875956,-42.425377,47.775227,-30.08712
RealESRGAN:ava_images___360165,RealESRGAN,ava_images___360165.png,/home/29o_rya@lab.graphicon.ru/QualiSR-Lab/dataset/sr/RealESRGAN/ava_images___360165.png,/home/29o_rya@lab.graphicon.ru/QualiSR-Lab/dataset/hr/ava_images___360165.png,/home/29o_rya@lab.graphicon.ru/QualiSR-Lab/dataset/lr/ava_images___360165.png,train,6.3280277,-57.384098,184.95218,37.462303,15.294794,-1.6826811,-8.108808,-0.77197933,2.81042,-8.1203985,10.68758,-1.9242363,0.56568575,1.0658455,2.7752068,-7.8648496,-0.31986094,-2.8283465,-0.44001198,2.240563,-1.96493,0.009579182,0.68087566,2.4588718,4.187595
RealESRGAN:ava_images___426629,RealESRGAN,ava_images___426629.png,/home/29o_rya@lab.graphicon.ru/QualiSR-Lab/dataset/sr/RealESRGAN/ava_images___426629.png,/home/29o_rya@lab.graphicon.ru/QualiSR-Lab/dataset/hr/ava_images___426629.png,/home/29o_rya@lab.graphicon.ru/QualiSR-Lab/dataset/lr/ava_images___426629.png,test,-13.56893,-4.9910083,-7.3103323,-9.631987,0.71575177,-11.31696,-3.6236598,-9.187999,-2.4932523,-9.017008,-2.6660163,-5.300036,-6.171088,-4.7191734,-5.9340963,-0.07019347,-6.322992,3.0665631,4.1383214,-11.164196,6.8301797,-7.8681674,-7.1519017,-7.761634,-2.3781168
RealESRGAN:ava_images___436880,RealESRGAN,ava_images___436880.png,/home/29o_rya@lab.graphicon.ru/QualiSR-Lab/dataset/sr/RealESRGAN/ava_images___436880.png,/home/29o_rya@lab.graphicon.ru/QualiSR-Lab/dataset/hr/ava_images___436880.png,/home/29o_rya@lab.graphicon.ru/QualiSR-Lab/dataset/lr/ava_images___436880.png,train,-4.229808,0.87576675,-11.051021,-15.144406,-4.50977,-6.473791,-27.483103,-1.5112057,7.9383116,-10.518866,-9.855711,-5.9544477,6.0572877,-79.6348,85.76847,-33.153748,30.484154,44.573303,13.103514,20.04778,-6.1527843,12.539924,-4.689158,-1.0559311,-0.39929903
RealESRGAN:ava_images___46021,RealESRGAN,ava_images___46021.png,/home/29o_rya@lab.graphicon.ru/QualiSR-Lab/dataset/sr/RealESRGAN/ava_images___46021.png,/home/29o_rya@lab.graphicon.ru/QualiSR-Lab/dataset/hr/ava_images___46021.png,/home/29o_rya@lab.graphicon.ru/QualiSR-Lab/dataset/lr/ava_images___46021.png,train,-12.58613,-12.172918,-6.8139,3.6785784,-3.212626,-13.300243,-4.2205343,-14.163137,-8.973181,-5.7734203,2.9625456,-4.91705,-4.0586185,-1.4495862,-10.991839,-5.0727634,-11.262453,1.0427259,-6.2120066,1.565248,10.1617565,-5.6270666,2.1298704,-28.48767,-12.435197
RealESRGAN:ava_images___472713,RealESRGAN,ava_images___472713.png,/home/29o_rya@lab.graphicon.ru/QualiSR-Lab/dataset/sr/RealESRGAN/ava_images___472713.png,/home/29o_rya@lab.graphicon.ru/QualiSR-Lab/dataset/hr/ava_images___472713.png,/home/29o_rya@lab.graphicon.ru/QualiSR-Lab/dataset/lr/ava_images___472713.png,test,-4.5691414,-4.139751,1.799551,5.0833178,-2.7101617,-4.0162992,5.011826,-5.790132,11.095466,13.65741,-1.7105647,5.5599194,9.452963,-1.5006062,0.68974185,3.8267903,-3.9329348,-0.25065148,2.12805,3.0821376,-8.7605505,-0.86872673,3.6471744,-5.970402,-7.5829635
RealESRGAN:ava_images___501777,RealESRGAN,ava_images___501777.png,/home/29o_rya@lab.graphicon.ru/QualiSR-Lab/dataset/sr/RealESRGAN/ava_images___501777.png,/home/29o_rya@lab.graphicon.ru/QualiSR-Lab/dataset/hr/ava_images___501777.png,/home/29o_rya@lab.graphicon.ru/QualiSR-Lab/dataset/lr/ava_images___501777.png,test,-10.25319,-9.306509,-5.209148,-11.579553,-0.05119869,-6.2010283,-2.7268949,1.0911589,0.32769728,-3.3702812,-5.4976015,-3.687972,-0.9311271,0.5723726,0.8284466,1.8719916,-8.666914,-1.5699794,4.8376026,-5.2719736,-0.7451346,-7.472681,4.2499766,-9.995329,-4.3853083
RealESRGAN:ava_images___564572,RealESRGAN,ava_images___564572.png,/home/29o_rya@lab.graphicon.ru/QualiSR-Lab/dataset/sr/RealESRGAN/ava_images___564572.png,/home/29o_rya@lab.graphicon.ru/QualiSR-Lab/dataset/hr/ava_images___564572.png,/home/29o_rya@lab.graphicon.ru/QualiSR-Lab/dataset/lr/ava_images___564572.png,train,-17.331553,-14.604678,-9.393408,3.8936691,-2.4034104,-15.51536,2.64006,-18.184143,-10.171058,-11.334758,20.371168,-0.9740429,-4.807552,0.2051979,-52.12993,17.169338,-45.116592,89.39143,-23.219667,58.85571,-33.730732,-8.015915,-0.09686598,7.643586,6.219185
RealESRGAN:ava_images___588008,RealESRGAN,ava_images___588008.png,/home/29o_rya@lab.graphicon.ru/QualiSR-Lab/dataset/sr/RealESRGAN/ava_images___588008.png,/home/29o_rya@lab.graphicon.ru/QualiSR-Lab/dataset/hr/ava_images___588008.png,/home/29o_rya@lab.graphicon.ru/QualiSR-Lab/dataset/lr/ava_images___588008.png,train,-13.728622,-11.312187,-11.010704,-5.18079,1.0272505,-13.9017725,-6.046553,-12.490096,-7.304662,-10.76541,-3.5926952,-12.214564,-5.9975533,-0.077509716,-9.773942,-0.5488438,-7.70973,-1.646061,1.0285776,-7.8918614,8.817128,-9.44972,-4.4631605,-12.445407,1.2771112
RealESRGAN:ava_images___645845,RealESRGAN,ava_images___645845.png,/home/29o_rya@lab.graphicon.ru/QualiSR-Lab/dataset/sr/RealESRGAN/ava_images___645845.png,/home/29o_rya@lab.graphicon.ru/QualiSR-Lab/dataset/hr/ava_images___645845.png,/home/29o_rya@lab.graphicon.ru/QualiSR-Lab/dataset/lr/ava_images___645845.png,test,4.8337994,-1.3258438,-2.7137127,-8.889337,-12.06239,-4.890502,7.2564635,-0.1423893,-7.463806,-5.273455,6.3497543,-1.6404772,0.9555998,5.08002,2.6686947,3.5922751,-4.3075805,7.7960496,1.9123473,-7.2848587,4.410159,0.38502693,-1.1335185,0.41109943,-0.21122223
RealESRGAN:ava_images___699615,RealESRGAN,ava_images___699615.png,/home/29o_rya@lab.graphicon.ru/QualiSR-Lab/dataset/sr/RealESRGAN/ava_images___699615.png,/home/29o_rya@lab.graphicon.ru/QualiSR-Lab/dataset/hr/ava_images___699615.png,/home/29o_rya@lab.graphicon.ru/QualiSR-Lab/dataset/lr/ava_images___699615.png,train,-11.3062935,-4.4138746,-58.384224,204.705,20.087696,14.228103,-1.202013,17.497772,-1.3303604,-5.919582,-8.726954,7.952818,-21.77588,-2.1199322,10.199059,0.892985,4.635335,-3.0221066,-0.24366283,-2.7009964,-5.0390725,-1.0237026,-0.7729968,3.3093166,2.118576
RealESRGAN:ava_images___710191,RealESRGAN,ava_images___710191.png,/home/29o_rya@lab.graphicon.ru/QualiSR-Lab/dataset/sr/RealESRGAN/ava_images___710191.png,/home/29o_rya@lab.graphicon.ru/QualiSR-Lab/dataset/hr/ava_images___710191.png,/home/29o_rya@lab.graphicon.ru/QualiSR-Lab/dataset/lr/ava_images___710191.png,train,-15.3491955,-7.818287,1.7757874,-11.178877,-7.815953,7.32388,3.387854,-12.035825,-7.023179,-4.0026946,-10.612017,-7.4723015,-6.0383916,-5.868619,-20.438469,89.81839,81.41751,15.438042,14.521573,-4.0786915,0.48980534,11.389066,-0.4840846,-2.810306,-2.0336936
RealESRGAN:ava_images___737450,RealESRGAN,ava_images___737450.png,/home/29o_rya@lab.graphicon.ru/QualiSR-Lab/dataset/sr/RealESRGAN/ava_images___737450.png,/home/29o_rya@lab.graphicon.ru/QualiSR-Lab/dataset/hr/ava_images___737450.png,/home/29o_rya@lab.graphicon.ru/QualiSR-Lab/dataset/lr/ava_images___737450.png,train,-19.86014,-7.275768,-7.7416544,24.798304,-2.16646,-13.9834175,9.49638,-39.67942,-4.768692,97.84486,24.932049,-40.724766,127.0847,-8.643843,-11.0894165,-4.1544266,2.0914264,-11.581856,3.3618388,2.3511739,7.2282906,1.717495,2.2463486,13.064666,7.133271
RealESRGAN:ava_images___74410,RealESRGAN,ava_images___74410.png,/home/29o_rya@lab.graphicon.ru/QualiSR-Lab/dataset/sr/RealESRGAN/ava_images___74410.png,/home/29o_rya@lab.graphicon.ru/QualiSR-Lab/dataset/hr/ava_images___74410.png,/home/29o_rya@lab.graphicon.ru/QualiSR-Lab/dataset/lr/ava_images___74410.png,train,-13.268534,-10.274042,-5.264419,-9.780886,0.59768236,-13.794156,-1.9331274,-10.315301,-6.9503713,-9.590871,-8.311302,-10.940701,-3.8322818,6.3444796,-2.0734835,2.2910872,-6.759701,-3.7579095,11.534168,-9.546015,-3.6028519,-14.315372,-3.5074778,-19.629883,-10.7469635
RealESRGAN:ava_images___751927,RealESRGAN,ava_images___751927.png,/home/29o_rya@lab.graphicon.ru/QualiSR-Lab/dataset/sr/RealESRGAN/ava_images___751927.png,/home/29o_rya@lab.graphicon.ru/QualiSR-Lab/dataset/hr/ava_images___751927.png,/home/29o_rya@lab.graphicon.ru/QualiSR-Lab/dataset/lr/ava_images___751927.png,train,-9.904504,-6.9955053,-6.781699,-11.222002,-0.72000253,-23.575708,38.078186,6.063468,-16.10025,-1.9314094,8.658447,-7.325979,7.561088,104.63156,81.8802,12.206818,6.5337276,19.351927,-36.793816,3.9777665,9.52784,1.0687256,2.730266,2.6849766,3.8659158
RealESRGAN:ava_images___773899,RealESRGAN,ava_images___773899.png,/home/29o_rya@lab.graphicon.ru/QualiSR-Lab/dataset/sr/RealESRGAN/ava_images___773899.png,/home/29o_rya@lab.graphicon.ru/QualiSR-Lab/dataset/hr/ava_images___773899.png,/home/29o_rya@lab.graphicon.ru/QualiSR-Lab/dataset/lr/ava_images___773899.png,train,-6.736806,-8.825935,-4.844773,-11.674789,-9.20831,2.19524,-7.436762,-2.6454911,-5.4760046,-13.839295,-13.974697,-12.45157,-5.904262,-11.80142,0.6069281,-3.416641,-2.1755745,4.847694,-4.567137,-33.730587,-18.883366,-18.844149,89.70195,49.510258,-29.120705
RealESRGAN:ava_images___827653,RealESRGAN,ava_images___827653.png,/home/29o_rya@lab.graphicon.ru/QualiSR-Lab/dataset/sr/RealESRGAN/ava_images___827653.png,/home/29o_rya@lab.graphicon.ru/QualiSR-Lab/dataset/hr/ava_images___827653.png,/home/29o_rya@lab.graphicon.ru/QualiSR-Lab/dataset/lr/ava_images___827653.png,test,-0.253232,-11.596286,-2.3577619,-7.426015,-8.883336,-2.7730036,-3.1058292,1.8208532,-4.9362626,0.36075592,8.354396,4.0046062,1.6351833,-4.0979085,-2.1891305,0.36587134,-7.95214,13.12724,-3.886302,-2.1936646,-3.7959318,-1.0185752,2.1015973,-3.2335153,6.521227
RealESRGAN:ava_images___842206,RealESRGAN,ava_images___842206.png,/home/29o_rya@lab.graphicon.ru/QualiSR-Lab/dataset/sr/RealESRGAN/ava_images___842206.png,/home/29o_rya@lab.graphicon.ru/QualiSR-Lab/dataset/hr/ava_images___842206.png,/home/29o_rya@lab.graphicon.ru/QualiSR-Lab/dataset/lr/ava_images___842206.png,test,-15.442838,-1.0369568,-3.0586085,-4.4534135,-4.4613776,-0.12197113,10.154118,1.5059853,10.546859,3.1988592,-0.31759095,-1.518652,-4.223359,-3.0997038,-10.230738,-1.37308,11.438272,-2.1469147,-1.5456758,0.8612566,-0.72693086,5.1265993,0.6475755,-7.371219,1.3728176
RealESRGAN:ava_images___846773,RealESRGAN,ava_images___846773.png,/home/29o_rya@lab.graphicon.ru/QualiSR-Lab/dataset/sr/RealESRGAN/ava_images___846773.png,/home/29o_rya@lab.graphicon.ru/QualiSR-Lab/dataset/hr/ava_images___846773.png,/home/29o_rya@lab.graphicon.ru/QualiSR-Lab/dataset/lr/ava_images___846773.png,train,-22.101538,-12.630278,-11.22234,-3.4560351,-2.748883,-12.292722,7.5780606,-12.946451,0.5031166,-7.683799,12.87798,2.771391,-20.412554,17.276352,-45.746723,-66.98456,41.88265,-4.8307896,-20.417233,20.240593,32.992672,78.18895,33.315334,-17.91752,-0.3345543
RealESRGAN:ava_images___857447,RealESRGAN,ava_images___857447.png,/home/29o_rya@lab.graphicon.ru/QualiSR-Lab/dataset/sr/RealESRGAN/ava_images___857447.png,/home/29o_rya@lab.graphicon.ru/QualiSR-Lab/dataset/hr/ava_images___857447.png,/home/29o_rya@lab.graphicon.ru/QualiSR-Lab/dataset/lr/ava_images___857447.png,train,-22.105255,-6.5390034,-7.2779074,-17.69685,7.1151614,-14.666372,11.002396,-9.028339,0.28501987,-2.9324293,-0.21246743,0.72219276,-14.205421,19.314287,-26.491117,-58.55309,63.58957,-23.402275,-2.357181,20.02345,-41.4506,-49.080513,-27.411001,18.987041,-0.4205029
RealESRGAN:ava_images___864250,RealESRGAN,ava_images___864250.png,/home/29o_rya@lab.graphicon.ru/QualiSR-Lab/dataset/sr/RealESRGAN/ava_images___864250.png,/home/29o_rya@lab.graphicon.ru/QualiSR-Lab/dataset/hr/ava_images___864250.png,/home/29o_rya@lab.graphicon.ru/QualiSR-Lab/dataset/lr/ava_images___864250.png,train,-12.909215,-0.8708992,-9.0103,-6.3764515,1.7190436,1.7944574,25.631763,-39.00827,-10.19804,15.684116,115.17561,112.08911,-16.048183,-24.741505,14.803889,13.676264,-5.010277,-13.882689,-2.7306647,-17.063688,1.7296789,-5.238698,1.8468958,3.1843996,0.32882488
RealESRGAN:ava_images___865616,RealESRGAN,ava_images___865616.png,/home/29o_rya@lab.graphicon.ru/QualiSR-Lab/dataset/sr/RealESRGAN/ava_images___865616.png,/home/29o_rya@lab.graphicon.ru/QualiSR-Lab/dataset/hr/ava_images___865616.png,/home/29o_rya@lab.graphicon.ru/QualiSR-Lab/dataset/lr/ava_images___865616.png,train,19.443731,-12.665886,-9.659746,-20.230356,-19.240225,-14.293253,-81.45956,150.56161,-62.09442,40.18342,42.43695,2.6447392,-1.0136476,3.6014903,-9.195744,0.976081,3.1963663,-1.3288505,-0.077457905,1.2628961,-1.9774413,3.176302,-1.5600729,1.6571255,-3.4863954
RealESRGAN:ava_images___953752,RealESRGAN,ava_images___953752.png,/home/29o_rya@lab.graphicon.ru/QualiSR-Lab/dataset/sr/RealESRGAN/ava_images___953752.png,/home/29o_rya@lab.graphicon.ru/QualiSR-Lab/dataset/hr/ava_images___953752.png,/home/29o_rya@lab.graphicon.ru/QualiSR-Lab/dataset/lr/ava_images___953752.png,train,233.65875,-48.55799,-29.922094,-1.1458783,-15.021181,2.0661898,17.474293,-18.754612,14.540658,12.142815,-6.0491347,5.3576927,-0.37304688,0.9884615,-5.8516293,0.3818282,5.9960165,-0.04046285,0.14224195,8.462175,-1.2999163,-3.608688,3.1210675,-5.209971,-2.623415
RealESRGAN:blur_dataset___out_of_focus0685,RealESRGAN,blur_dataset___out_of_focus0685.png,/home/29o_rya@lab.graphicon.ru/QualiSR-Lab/dataset/sr/RealESRGAN/blur_dataset___out_of_focus0685.png,/home/29o_rya@lab.graphicon.ru/QualiSR-Lab/dataset/hr/blur_dataset___out_of_focus0685.png,/home/29o_rya@lab.graphicon.ru/QualiSR-Lab/dataset/lr/blur_dataset___out_of_focus0685.png,train,0.28974724,-13.413286,-5.8017917,-14.228416,-6.9871826,-5.8095074,-7.222744,-14.109201,-4.798444,-12.391106,-3.527752,-19.51078,0.22713614,1.0537722,-4.174856,0.0059505105,-20.093502,-9.615342,-19.393156,-59.98619,-67.98874,54.324017,-32.182983,11.137948,7.4088774
RealESRGAN:voc_emotic_ava___EMOTIC__COCO_train2014_000000244530,RealESRGAN,voc_emotic_ava___EMOTIC__COCO_train2014_000000244530.png,/home/29o_rya@lab.graphicon.ru/QualiSR-Lab/dataset/sr/RealESRGAN/voc_emotic_ava___EMOTIC__COCO_train2014_000000244530.png,/home/29o_rya@lab.graphicon.ru/QualiSR-Lab/dataset/hr/voc_emotic_ava___EMOTIC__COCO_train2014_000000244530.png,/home/29o_rya@lab.graphicon.ru/QualiSR-Lab/dataset/lr/voc_emotic_ava___EMOTIC__COCO_train2014_000000244530.png,train,-15.311356,-10.907849,-5.1280093,-8.032882,-0.19203399,-25.720741,-29.971788,28.876575,54.306503,-28.97889,-90.33274,114.8172,70.159966,18.859688,-12.474014,7.2407775,-6.1733747,1.1589059,5.6881857,3.8830695,-0.82121396,4.813635,-1.7345438,1.9000082,1.2564081
RealESRGAN:voc_emotic_ava___EMOTIC__COCO_train2014_000000247190,RealESRGAN,voc_emotic_ava___EMOTIC__COCO_train2014_000000247190.png,/home/29o_rya@lab.graphicon.ru/QualiSR-Lab/dataset/sr/RealESRGAN/voc_emotic_ava___EMOTIC__COCO_train2014_000000247190.png,/home/29o_rya@lab.graphicon.ru/QualiSR-Lab/dataset/hr/voc_emotic_ava___EMOTIC__COCO_train2014_000000247190.png,/home/29o_rya@lab.graphicon.ru/QualiSR-Lab/dataset/lr/voc_emotic_ava___EMOTIC__COCO_train2014_000000247190.png,train,25.58806,89.31468,3.8459196,-25.130527,156.81294,52.696724,-8.743891,1.7170916,-22.09271,7.875223,-11.751696,6.1366673,5.455832,-0.50303876,-8.340657,-3.8386474,3.503026,11.263006,-20.11846,-11.538163,3.3941095,-3.287892,2.6379251,-2.0225,2.4260845
RealESRGAN:voc_emotic_ava___EMOTIC__COCO_val2014_000000020598,RealESRGAN,voc_emotic_ava___EMOTIC__COCO_val2014_000000020598.png,/home/29o_rya@lab.graphicon.ru/QualiSR-Lab/dataset/sr/RealESRGAN/voc_emotic_ava___EMOTIC__COCO_val2014_000000020598.png,/home/29o_rya@lab.graphicon.ru/QualiSR-Lab/dataset/hr/voc_emotic_ava___EMOTIC__COCO_val2014_000000020598.png,/home/29o_rya@lab.graphicon.ru/QualiSR-Lab/dataset/lr/voc_emotic_ava___EMOTIC__COCO_val2014_000000020598.png,train,-18.267517,-4.272656,-15.37673,-15.400454,14.174938,28.732792,-35.340935,24.959621,158.75363,14.122847,47.882446,-35.72738,-18.615335,17.17506,1.3198106,10.840282,-5.60447,-5.0630784,3.0972047,2.0622191,4.103362,-2.71492,1.1589144,0.38496685,-0.67928684
RealESRGAN:voc_emotic_ava___JPEGImages__2008_003883,RealESRGAN,voc_emotic_ava___JPEGImages__2008_003883.png,/home/29o_rya@lab.graphicon.ru/QualiSR-Lab/dataset/sr/RealESRGAN/voc_emotic_ava___JPEGImages__2008_003883.png,/home/29o_rya@lab.graphicon.ru/QualiSR-Lab/dataset/hr/voc_emotic_ava___JPEGImages__2008_003883.png,/home/29o_rya@lab.graphicon.ru/QualiSR-Lab/dataset/lr/voc_emotic_ava___JPEGImages__2008_003883.png,test,3.7938023,-8.526156,-6.8240943,-6.1307716,-2.3230023,-6.0718203,-8.391229,-1.1844921,-4.657263,-5.5519814,-2.3725553,-0.9781065,-1.5106816,-6.2350197,3.300872,2.2861178,-5.037747,-3.9692464,0.22873688,-2.6036487,2.7506142,-2.3434658,1.0659708,-3.0732512,-1.6365471
RealESRGAN:voc_emotic_ava___VOC2012__2010_004399,RealESRGAN,voc_emotic_ava___VOC2012__2010_004399.png,/home/29o_rya@lab.graphicon.ru/QualiSR-Lab/dataset/sr/RealESRGAN/voc_emotic_ava___VOC2012__2010_004399.png,/home/29o_rya@lab.graphicon.ru/QualiSR-Lab/dataset/hr/voc_emotic_ava___VOC2012__2010_004399.png,/home/29o_rya@lab.graphicon.ru/QualiSR-Lab/dataset/lr/voc_emotic_ava___VOC2012__2010_004399.png,train,-2.8988428,37.15443,7.313944,-7.0632195,-8.759023,-15.835698,177.18494,99.43293,23.184826,-26.66316,-0.021779299,-11.792456,15.848383,-39.565002,-10.947543,2.7472801,-7.881152,-4.9682956,3.3434129,-0.9149747,3.9788623,1.6141863,0.35500947,5.715555,-3.389958
RealESRGAN:voc_emotic_ava___VOC2012__2012_004043,RealESRGAN,voc_emotic_ava___VOC2012__2012_004043.png,/home/29o_rya@lab.graphicon.ru/QualiSR-Lab/dataset/sr/RealESRGAN/voc_emotic_ava___VOC2012__2012_004043.png,/home/29o_rya@lab.graphicon.ru/QualiSR-Lab/dataset/hr/voc_emotic_ava___VOC2012__2012_004043.png,/home/29o_rya@lab.graphicon.ru/QualiSR-Lab/dataset/lr/voc_emotic_ava___VOC2012__2012_004043.png,train,27.737177,175.09146,40.653816,21.250494,-86.33096,-18.005688,-29.095037,-14.836109,7.7109156,-4.1569996,2.390373,-0.58684444,-2.9547396,7.1819577,-7.1416645,0.98239887,2.8830624,-0.33060515,-8.713452,-2.9565864,3.7197256,-3.1033223,-1.6096077,-1.3508911,-0.09370291
